title,href,desc,location,price
合租·肖家河新村东区3居室-南卧,//www.ziroom.com/x/756687964.html,10.54㎡ | 2/11层,小区距农大南路站步行约205米,3390
合租·草桥欣园四区3居室-南卧,//www.ziroom.com/x/807317688.html,10.8㎡ | 13/15层,小区距草桥站步行约598米,2960
合租·草桥欣园四区3居室-南卧,//www.ziroom.com/x/807317611.html,10.1㎡ | 6/15层,小区距草桥站步行约598米,2930
合租·草桥欣园四区3居室-南卧,//www.ziroom.com/x/807317492.html,10.1㎡ | 14/15层,小区距草桥站步行约598米,2930
合租·肖家河新村东区3居室-南卧,//www.ziroom.com/x/726789460.html,10㎡ | 3/7层,小区距农大南路站步行约205米,3460
合租·顺驰领海3居室-南卧,//www.ziroom.com/x/736916260.html,10.2㎡ | 8/11层,小区距高米店北站步行约831米,2960
合租·恋日嘉园二期3居室-南卧,//www.ziroom.com/x/726450930.html,11.3㎡ | 5/19层,小区距草桥站步行约480米,3130
合租·肖家河新村东区3居室-南卧,//www.ziroom.com/x/719000942.html,10㎡ | 9/11层,小区距农大南路站步行约205米,3630
合租·中关村4居室-南卧,//www.ziroom.com/x/807277795.html,10.1㎡ | 5/8层,小区距知春里站步行约804米,4360
合租·金融街融汇3居室-南卧,//www.ziroom.com/x/775749531.html,10.5㎡ | 7/24层,小区距天宫院站步行约949米,2990
合租·郁花园一里3居室-南卧,//www.ziroom.com/x/783456569.html,12.3㎡ | 3/7层,小区距高米店北站步行约414米,2830
合租·牛街西里3居室-南卧,//www.ziroom.com/x/787077773.html,9.4㎡ | 2/19层,小区距广安门内站步行约675米,2930
合租·圆明园西路2号院3居室-南卧,//www.ziroom.com/x/726643475.html,11.19㎡ | 2/6层,小区距农大南路站步行约264米,3160
合租·保利茉莉公馆3居室-南卧,//www.ziroom.com/x/791759478.html,11.2㎡ | 22/27层,小区距高米店北站步行约316米,2960
合租·天宫院小区3居室-南卧,//www.ziroom.com/x/786863888.html,15.1㎡ | 5/18层,小区距生物医药基地站步行约843米,3230
合租·彩虹新城3居室-南卧,//www.ziroom.com/x/796551860.html,12.2㎡ | 13/16层,小区距枣园站步行约583米,3090
合租·新街口西里三区3居室-南卧,//www.ziroom.com/x/722590912.html,10.5㎡ | 4/6层,小区距新街口站步行约303米,3890
合租·肖家河新村东区3居室-南卧,//www.ziroom.com/x/718325822.html,11.3㎡ | 1/11层,小区距农大南路站步行约205米,3530
合租·彩虹新城4居室-南卧,//www.ziroom.com/x/725991344.html,11.1㎡ | 14/16层,小区距枣园站步行约583米,3060
合租·肖家河新村东区3居室-南卧,//www.ziroom.com/x/752990906.html,11.8㎡ | 10/10层,小区距农大南路站步行约205米,3230
合租·南庭新苑北区2居室-南卧,//www.ziroom.com/x/807294231.html,10.1㎡ | 13/16层,小区距新宫站步行约843米,2830
合租·草桥欣园三区3居室-南卧,//www.ziroom.com/x/807320439.html,12.6㎡ | 5/6层,小区距草桥站步行约771米,2860
合租·圆明园西路2号院3居室-南卧,//www.ziroom.com/x/525446809.html,10.4㎡ | 6/6层,小区距农大南路站步行约264米,2790
合租·瑞丽江畔3居室-南卧,//www.ziroom.com/x/711161111.html,9.6㎡ | 13/21层,小区距角门西站步行约369米,2990
合租·肖家河新村东区3居室-南卧,//www.ziroom.com/x/785836076.html,10.8㎡ | 9/11层,小区距农大南路站步行约205米,3490
合租·晨光小区3居室-南卧,//www.ziroom.com/x/750122422.html,10.4㎡ | 2/6层,小区距马家堡站步行约941米,3030
合租·左右坊3居室-南卧,//www.ziroom.com/x/786260451.html,10.2㎡ | 13/16层,小区距角门西站步行约418米,3090
合租·新街口西里三区3居室-南卧,//www.ziroom.com/x/741564306.html,10.3㎡ | 5/6层,小区距新街口站步行约303米,3990
合租·新街口西里三区4居室-南卧,//www.ziroom.com/x/619936012.html,10.7㎡ | 2/7层,小区距新街口站步行约303米,3860
合租·大红门35号院3居室-南卧,//www.ziroom.com/x/757118256.html,10.9㎡ | 5/6层,小区距角门东站步行约1004米,3060
合租·新文化街3居室-南卧,//www.ziroom.com/x/731504145.html,11.9㎡ | 3/13层,小区距西单站步行约614米,3230
合租·新街口西里三区3居室-南卧,//www.ziroom.com/x/788816789.html,9㎡ | 6/6层,小区距新街口站步行约303米,3530
合租·枫竹苑二区3居室-南卧,//www.ziroom.com/x/731333328.html,11.2㎡ | 15/16层,小区距公益西桥站步行约161米,2860
合租·瑞丽江畔3居室-南卧,//www.ziroom.com/x/717191019.html,8.9㎡ | 4/21层,小区距角门西站步行约369米,2890
合租·东亚三环3居室-南卧,//www.ziroom.com/x/710097021.html,10.5㎡ | 25层,小区距公益西桥站步行约22米,2790
合租·西革新里108号院3居室-南卧,//www.ziroom.com/x/733372947.html,12.12㎡ | 3/6层,小区距永定门外站步行约740米,3090
合租·草桥欣园四区3居室-南卧,//www.ziroom.com/x/714369968.html,12.2㎡ | 2/15层,小区距草桥站步行约598米,3160
合租·瑞丽江畔3居室-南卧,//www.ziroom.com/x/787375563.html,9㎡ | 9/21层,小区距角门西站步行约369米,3030
合租·北礼士路3居室-南卧,//www.ziroom.com/x/724513355.html,9.8㎡ | 4/16层,小区距车公庄站步行约76米,3690
合租·保利茉莉公馆5居室-南卧,//www.ziroom.com/x/723737452.html,12.6㎡ | 2/17层,小区距高米店北站步行约316米,3360
合租·富卓苑3居室-南卧,//www.ziroom.com/x/755283501.html,12㎡ | 2/5层,小区距公益西桥站步行约1011米,2990
合租·肖家河新村西区3居室-南卧,//www.ziroom.com/x/753064141.html,9.63㎡ | 9/10层,小区距农大南路站步行约649米,3390
合租·枫竹苑二区3居室-南卧,//www.ziroom.com/x/719266334.html,11.9㎡ | 7/16层,小区距公益西桥站步行约161米,2890
合租·左右坊3居室-南卧,//www.ziroom.com/x/786260257.html,10.1㎡ | 13/16层,小区距角门西站步行约418米,3190
合租·新里西斯莱公馆3居室-南卧,//www.ziroom.com/x/690726003.html,13.5㎡ | 2/12层,小区距高米店南站步行约685米,3190
合租·今日草桥4居室-西卧,//www.ziroom.com/x/711340464.html,10.2㎡ | 12/12层,小区距草桥站步行约40米,2960
合租·丽水园4居室-南卧,//www.ziroom.com/x/735013023.html,12.1㎡ | 4/14层,小区距角门西站步行约653米,3260
合租·洋桥71号院3居室-南卧,//www.ziroom.com/x/737642887.html,11㎡ | 23/24层,小区距角门东站步行约1056米,2930
合租·新街口西里三区3居室-南卧,//www.ziroom.com/x/765631849.html,10.2㎡ | 5/6层,小区距新街口站步行约303米,3960
合租·明月嘉园3居室-南卧,//www.ziroom.com/x/786648645.html,12.6㎡ | 20/24层,小区距角门西站步行约701米,3030
合租·保利茉莉公馆3居室-南卧,//www.ziroom.com/x/734862867.html,11㎡ | 23层,小区距高米店北站步行约316米,2790
合租·北礼士路3居室-南卧,//www.ziroom.com/x/731185694.html,11.2㎡ | 9/12层,小区距车公庄站步行约76米,3790
合租·洋桥71号院3居室-南卧,//www.ziroom.com/x/716833962.html,10.56㎡ | 22/24层,小区距角门东站步行约1056米,2890
合租·天秀花园安和园3居室-南卧,//www.ziroom.com/x/763663234.html,9.6㎡ | 6/6层,小区距农大南路站步行约880米,3030
合租·首邑上城4居室-南卧,//www.ziroom.com/x/729665801.html,13㎡ | 16/16层,小区距枣园站步行约550米,2990
合租·首邑溪谷3居室-南卧,//www.ziroom.com/x/746857790.html,11.2㎡ | 6/15层,小区距高米店南站步行约1955米,2990
合租·首邑上城3居室-南卧,//www.ziroom.com/x/730897119.html,13.2㎡ | 7/16层,小区距枣园站步行约550米,3130
合租·天秀花园安和园3居室-南卧,//www.ziroom.com/x/792919598.html,10.7㎡ | 1/6层,小区距农大南路站步行约880米,3290
合租·富卓苑3居室-南卧,//www.ziroom.com/x/619004814.html,12.5㎡ | 2/6层,小区距公益西桥站步行约1011米,2960
合租·南华小区3居室-南卧,//www.ziroom.com/x/773765493.html,10.87㎡ | 10/18层,小区距公益西桥站步行约1051米,2890
合租·梅园4居室-南卧,//www.ziroom.com/x/618654867.html,11.52㎡ | 5/6层,小区距马连洼站步行约627米,3290
合租·车公庄北里3居室-南卧,//www.ziroom.com/x/774528010.html,10.2㎡ | 6/6层,小区距车公庄西站步行约356米,3890
合租·怡然家园5号院3居室-南卧,//www.ziroom.com/x/807195300.html,9.8㎡ | 6/6层,小区距角门东站步行约777米,2830
合租·枫竹苑二区3居室-南卧,//www.ziroom.com/x/618840309.html,14.9㎡ | 10/17层,小区距公益西桥站步行约161米,3060
合租·西马金润二区2居室-南卧,//www.ziroom.com/x/753607244.html,10.9㎡ | 2/6层,小区距角门东站步行约1221米,3490
合租·阳光花园3居室-南卧,//www.ziroom.com/x/694296260.html,12.7㎡ | 21层,小区距角门东站步行约264米,3090
整租·广义街10号院2室1厅-南北,//www.ziroom.com/x/794483432.html,56.78㎡ | 6/7层,小区距广安门内站步行约96米,7590
合租·建功北里2居室-南卧,//www.ziroom.com/x/688966298.html,10.2㎡ | 4/6层,小区距广安门内站步行约1453米,2990
合租·角门东里3居室-南卧,//www.ziroom.com/x/723093178.html,10.9㎡ | 3/6层,小区距角门东站步行约401米,2830
合租·新里西斯莱公馆4居室-南卧,//www.ziroom.com/x/773458488.html,12.5㎡ | 7/18层,小区距高米店南站步行约685米,3190
合租·菜园街10号院4居室-南卧,//www.ziroom.com/x/728212838.html,10.6㎡ | 5/6层,小区距广安门内站步行约1380米,2990
合租·洋桥71号院2居室-南卧,//www.ziroom.com/x/661940619.html,10.6㎡ | 15/18层,小区距角门东站步行约1056米,3330
合租·里仁街3号院3居室-南卧,//www.ziroom.com/x/781822507.html,10㎡ | 3/6层,小区距陶然亭站步行约346米,3330
合租·名都家苑2居室-南卧,//www.ziroom.com/x/761040257.html,11.5㎡ | 8/12层,小区距公益西桥站步行约274米,3590
合租·草桥欣园18号院5居室-南卧,//www.ziroom.com/x/791624551.html,12.2㎡ | 6/6层,小区距草桥站步行约808米,2990
整租·圆明园西路2号院2室1厅-南北,//www.ziroom.com/x/757482394.html,60.5㎡ | 3/5层,小区距农大南路站步行约264米,6890
合租·畅柳园3居室-南卧,//www.ziroom.com/x/740630390.html,9.8㎡ | 5/16层,小区距陶然亭站步行约1022米,3190
合租·西罗园四区2居室-南卧,//www.ziroom.com/x/731423538.html,11.9㎡ | 20/24层,小区距永定门外站步行约934米,3090
合租·星河城西区3居室-南卧,//www.ziroom.com/x/753768264.html,11.8㎡ | 7/11层,小区距公益西桥站步行约568米,2990
合租·双槐里3居室-南卧,//www.ziroom.com/x/753548559.html,10.1㎡ | 3/4层,小区距陶然亭站步行约613米,2990
合租·怡然家园5号院3居室-南卧,//www.ziroom.com/x/807195286.html,15.8㎡ | 6/6层,小区距角门东站步行约777米,3030
合租·星河城东区3居室-南卧,//www.ziroom.com/x/643476179.html,12.1㎡ | 16/18层,小区距公益西桥站步行约345米,3130
合租·肖家河新村东区3居室-北卧,//www.ziroom.com/x/719354119.html,10.4㎡ | 4/10层,小区距农大南路站步行约205米,3060
合租·郁花园二里3居室-南卧,//www.ziroom.com/x/793188385.html,10㎡ | 1/6层,小区距高米店北站步行约248米,2760
合租·圆明园花园别墅4居室-南卧,//www.ziroom.com/x/716623666.html,11.9㎡ | 6/6层,小区距农大南路站步行约1061米,2890
合租·晨光小区3居室-南卧,//www.ziroom.com/x/807429128.html,11.7㎡ | 5/6层,小区距马家堡站步行约941米,2890
合租·水利局小区3居室-南卧,//www.ziroom.com/x/776472957.html,10.8㎡ | 3/6层,小区距农大南路站步行约1062米,3430
合租·西马金润二区2居室-南卧,//www.ziroom.com/x/763563809.html,12.5㎡ | 5/6层,小区距角门东站步行约1221米,3190
合租·角门甲4号院3居室-南卧,//www.ziroom.com/x/736931198.html,10㎡ | 6/6层,小区距角门东站步行约625米,2730
合租·保利首开熙悦春天4居室-南卧,//www.ziroom.com/x/761068290.html,10.7㎡ | 22/27层,小区距天宫院站步行约462米,2790
合租·角门东里2居室-南卧,//www.ziroom.com/x/807151732.html,13.7㎡ | 18/19层,小区距角门东站步行约401米,3260
合租·瑞丽江畔2居室-东卧,//www.ziroom.com/x/807100646.html,10.9㎡ | 1/21层,小区距角门西站步行约369米,3090
合租·恋日嘉园二期3居室-南卧,//www.ziroom.com/x/726450348.html,10㎡ | 5/19层,小区距草桥站步行约480米,2830
合租·白纸坊东街25号院3居室-南卧,//www.ziroom.com/x/768237172.html,13.2㎡ | 5/6层,小区距陶然亭站步行约420米,3390
合租·魏公村8号院3居室-南卧,//www.ziroom.com/x/657633579.html,10.9㎡ | 4/16层,小区距魏公村站步行约697米,3190
合租·翠林三里2居室-南卧,//www.ziroom.com/x/807223538.html,14.8㎡ | 5/6层,小区距马家堡站步行约853米,3330
合租·大红门35号院3居室-南卧,//www.ziroom.com/x/763416854.html,9.5㎡ | 2/5层,小区距角门东站步行约1004米,2930
合租·新里西斯莱公馆4居室-南卧,//www.ziroom.com/x/763096172.html,13.4㎡ | 8/18层,小区距高米店南站步行约685米,3090
合租·新里西斯莱公馆3居室-南卧,//www.ziroom.com/x/743183333.html,12.55㎡ | 5/18层,小区距高米店南站步行约685米,3690
合租·马家堡西里3居室-南卧,//www.ziroom.com/x/725047340.html,14.15㎡ | 2/6层,小区距马家堡站步行约570米,2990
合租·百荣嘉园3居室-南卧,//www.ziroom.com/x/717776026.html,8.8㎡ | 3/21层,小区距永定门外站步行约969米,3090
整租·马家堡西里2室1厅-南北,//www.ziroom.com/x/796533624.html,66㎡ | 4/14层,小区距马家堡站步行约570米,6490
合租·育新街3居室-南卧,//www.ziroom.com/x/733549875.html,11.74㎡ | 6/6层,小区距陶然亭站步行约698米,3160
合租·明月嘉园4居室-南卧,//www.ziroom.com/x/775490056.html,10.53㎡ | 20/24层,小区距角门西站步行约701米,3990
合租·同兴园2居室-南卧,//www.ziroom.com/x/807257656.html,11.1㎡ | 6/6层,小区距新宫站步行约1903米,2860
合租·兴海家园月苑2居室-南卧,//www.ziroom.com/x/759463134.html,13.7㎡ | 4/6层,小区距西红门站步行约1039米,3130
整租·嘉园二里2室1厅-南北,//www.ziroom.com/x/744218905.html,57.7㎡ | 6/6层,小区距角门西站步行约415米,6360
合租·中建国际港3居室-南卧,//www.ziroom.com/x/715862604.html,15.7㎡ | 5/34层,小区距枣园站步行约202米,3260
合租·瑞丽江畔3居室-南卧,//www.ziroom.com/x/758879097.html,8.3㎡ | 17/21层,小区距角门西站步行约369米,2930
合租·新里西斯莱公馆2居室-南卧,//www.ziroom.com/x/787178556.html,13.3㎡ | 2/15层,小区距高米店南站步行约685米,3730
整租·肖家河新村西区1室1厅-南,//www.ziroom.com/x/807341285.html,65㎡ | 11/11层,小区距农大南路站步行约649米,6460
合租·三虎桥南路8号院3居室-南卧,//www.ziroom.com/x/794881229.html,12.5㎡ | 2/6层,小区距花园桥站步行约664米,3460
合租·角门东里2居室-西卧,//www.ziroom.com/x/807326298.html,10㎡ | 4/6层,小区距角门东站步行约401米,2960
合租·志强北园2居室-南卧,//www.ziroom.com/x/711021528.html,10.1㎡ | 5/5层,小区距积水潭站步行约1074米,3590
整租·肖家河新村东区1室1厅-南,//www.ziroom.com/x/743719646.html,50.99㎡ | 3/11层,小区距农大南路站步行约205米,6760
合租·嘉园一里2居室-南卧,//www.ziroom.com/x/760931035.html,12.4㎡ | 5/22层,小区距马家堡站步行约353米,3490
合租·榆树馆西里3居室-南卧,//www.ziroom.com/x/787270609.html,12.6㎡ | 6/7层,小区距车公庄西站步行约702米,3830
合租·圆明园西路2号院3居室-南卧,//www.ziroom.com/x/525407645.html,12.49㎡ | 1/101层,小区距农大南路站步行约264米,3060
整租·肖家河新村西区2室1厅-南,//www.ziroom.com/x/789275502.html,51.96㎡ | 6/9层,小区距农大南路站步行约649米,7390
合租·圆明园花园别墅4居室-南卧,//www.ziroom.com/x/716989938.html,12.62㎡ | 6/6层,小区距农大南路站步行约1061米,2890
合租·北礼士路3居室-南卧,//www.ziroom.com/x/766214431.html,9.45㎡ | 1/16层,小区距车公庄站步行约76米,3360
合租·角门东里3居室-南卧,//www.ziroom.com/x/735094794.html,9.56㎡ | 15/19层,小区距角门东站步行约401米,2760
合租·嘉园一里3居室-东南卧,//www.ziroom.com/x/763102186.html,10.5㎡ | 5/20层,小区距马家堡站步行约353米,3060
整租·益明园2室1厅-南,//www.ziroom.com/x/772944485.html,62.86㎡ | 4/10层,小区距公益西桥站步行约350米,6690
合租·新街口西里一区4居室-南卧,//www.ziroom.com/x/764789986.html,9.6㎡ | 6/7层,小区距新街口站步行约490米,3690
合租·南庭新苑南区2居室-南卧,//www.ziroom.com/x/740749700.html,11.7㎡ | 13/16层,小区距新宫站步行约1176米,3030
合租·肖家河新村东区3居室-西卧,//www.ziroom.com/x/779933626.html,10.9㎡ | 3/5层,小区距农大南路站步行约205米,3090
合租·富卓苑3居室-南卧,//www.ziroom.com/x/781650817.html,13.1㎡ | 5/6层,小区距公益西桥站步行约1011米,2890
合租·肖家河新村东区3居室-西卧,//www.ziroom.com/x/807289723.html,10.5㎡ | 1/8层,小区距农大南路站步行约205米,3160
合租·嘉园二里3居室-南卧,//www.ziroom.com/x/793227088.html,12.1㎡ | 1/6层,小区距角门西站步行约415米,3460
合租·星河城西区3居室-南卧,//www.ziroom.com/x/713809696.html,12.6㎡ | 1/11层,小区距公益西桥站步行约568米,3190
合租·彩虹新城4居室-南卧,//www.ziroom.com/x/757385394.html,12.3㎡ | 1/11层,小区距枣园站步行约583米,2890
合租·时代龙和3居室-南卧,//www.ziroom.com/x/754402062.html,14.6㎡ | 5/15层,小区距黄村西大街站步行约1368米,2930
合租·宏盛家园3居室-南卧,//www.ziroom.com/x/763675553.html,11.93㎡ | 4/6层,小区距西红门站步行约1560米,3130
合租·角门13号院3居室-南卧,//www.ziroom.com/x/711107082.html,12.6㎡ | 6/6层,小区距角门西站步行约1001米,3030
合租·晨光小区3居室-南卧,//www.ziroom.com/x/628318788.html,12㎡ | 6/6层,小区距马家堡站步行约941米,2790
合租·新里西斯莱公馆4居室-南卧,//www.ziroom.com/x/738170082.html,12.55㎡ | 18/18层,小区距高米店南站步行约685米,3490
合租·益城园3居室-南卧,//www.ziroom.com/x/713468159.html,11.8㎡ | 2/11层,小区距公益西桥站步行约482米,2790
整租·圆明园西路2号院2室1厅-南,//www.ziroom.com/x/725959043.html,65㎡ | 4/5层,小区距农大南路站步行约264米,7090
合租·牛街东里3居室-南卧,//www.ziroom.com/x/754145982.html,12.9㎡ | 3/6层,小区距菜市口站步行约694米,3490
合租·肖家河新村西区3居室-南卧,//www.ziroom.com/x/720592906.html,14.05㎡ | 4/11层,小区距农大南路站步行约649米,3630
合租·紫竹院南路4号院3居室-南卧,//www.ziroom.com/x/724149896.html,10.75㎡ | 6/6层,小区距白石桥南站步行约902米,3490
合租·牛街西里3居室-南卧,//www.ziroom.com/x/716283875.html,9.5㎡ | 2/22层,小区距广安门内站步行约675米,2930
合租·角门东里2居室-东南卧,//www.ziroom.com/x/610303995.html,12㎡ | 4/19层,小区距角门东站步行约401米,3390
合租·车公庄北里3居室-南卧,//www.ziroom.com/x/712241691.html,11.2㎡ | 1/6层,小区距车公庄西站步行约356米,3690
合租·嘉园一里3居室-南卧,//www.ziroom.com/x/780762879.html,9.2㎡ | 7/18层,小区距马家堡站步行约353米,2930
合租·枣园小区3居室-南卧,//www.ziroom.com/x/738596591.html,15㎡ | 5/7层,小区距枣园站步行约599米,3490
合租·星河城东区3居室-南卧,//www.ziroom.com/x/712041386.html,12.6㎡ | 16/20层,小区距公益西桥站步行约345米,3130
合租·明月嘉园3居室-南卧,//www.ziroom.com/x/774003337.html,12.3㎡ | 19/24层,小区距角门西站步行约701米,2990
合租·嘉园一里3居室-东南卧,//www.ziroom.com/x/763101410.html,11.2㎡ | 5/20层,小区距马家堡站步行约353米,2990
合租·益星园3居室-南卧,//www.ziroom.com/x/743913743.html,16.2㎡ | 5/9层,小区距公益西桥站步行约136米,3290
合租·圆明园西路2号院3居室-南卧,//www.ziroom.com/x/775029791.html,15.5㎡ | 2/6层,小区距农大南路站步行约264米,3590
合租·嘉丽园3居室-西卧,//www.ziroom.com/x/628785384.html,10.62㎡ | 3/24层,小区距角门西站步行约100米,3060
整租·马家堡西里2室1厅-南,//www.ziroom.com/x/765885989.html,62.22㎡ | 5/18层,小区距马家堡站步行约570米,6490
合租·三里河路5号院3居室-南卧,//www.ziroom.com/x/807257201.html,10.16㎡ | 4/6层,小区距白石桥南站步行约469米,3890
合租·洋桥71号院3居室-南卧,//www.ziroom.com/x/794151983.html,14.7㎡ | 7/24层,小区距角门东站步行约1056米,3490
合租·枫竹苑二区3居室-南卧,//www.ziroom.com/x/768857778.html,13.2㎡ | 1/16层,小区距公益西桥站步行约161米,2990
合租·双高花园4居室-南卧,//www.ziroom.com/x/752666441.html,15.6㎡ | 6/6层,小区距高米店北站步行约693米,3090
合租·清澄名苑南区2居室-南卧,//www.ziroom.com/x/761909280.html,15.6㎡ | 4/5层,小区距黄村西大街站步行约720米,3230
合租·首邑上城4居室-南卧,//www.ziroom.com/x/741620663.html,16.2㎡ | 3/15层,小区距枣园站步行约550米,2860
合租·宣武门外东大街3居室-南卧,//www.ziroom.com/x/807121856.html,12.3㎡ | 4/11层,小区距宣武门站步行约21米,3490
合租·翠林一里2居室-南卧,//www.ziroom.com/x/807032578.html,14.4㎡ | 6/6层,小区距马家堡站步行约1026米,3190
合租·西直门北大街43号院3居室-南卧,//www.ziroom.com/x/688947355.html,9.8㎡ | 6/6层,小区距西直门站步行约766米,2990
合租·右安门内大街2居室-南卧,//www.ziroom.com/x/765405839.html,10.75㎡ | 6/6层,小区距陶然亭站步行约895米,3090
合租·知春东里3居室-南卧,//www.ziroom.com/x/794259459.html,11.8㎡ | 6/6层,小区距知春里站步行约314米,4530
合租·新安中里2居室-南卧,//www.ziroom.com/x/794463838.html,11㎡ | 4/5层,小区距陶然亭站步行约1155米,2990
合租·冰窖口胡同79号2居室-南卧,//www.ziroom.com/x/765211063.html,10.6㎡ | 5/5层,小区距积水潭站步行约333米,3890
合租·宣武门外东大街3居室-南卧,//www.ziroom.com/x/741646271.html,12㎡ | 5/11层,小区距宣武门站步行约21米,3590
合租·牛街西里3居室-东南卧,//www.ziroom.com/x/665486948.html,11.5㎡ | 4/22层,小区距广安门内站步行约675米,3230
合租·四道口5号院6居室-南卧,//www.ziroom.com/x/807279335.html,9.6㎡ | 3/7层,小区距大钟寺站步行约960米,3460
合租·西直门北大街43号院3居室-南卧,//www.ziroom.com/x/721016893.html,11㎡ | 5/6层,小区距西直门站步行约766米,3460
整租·角门11号院2室1厅-南北,//www.ziroom.com/x/807247373.html,63㎡ | 6/18层,小区距马家堡站步行约818米,6890
合租·嘉丽园4居室-南卧,//www.ziroom.com/x/779460266.html,10.6㎡ | 9/24层,小区距角门西站步行约100米,2660
合租·菜园街10号院4居室-南卧,//www.ziroom.com/x/728213614.html,12.1㎡ | 5/6层,小区距广安门内站步行约1380米,3060
合租·瑞丽江畔3居室-南卧,//www.ziroom.com/x/746684063.html,8.6㎡ | 8/21层,小区距角门西站步行约369米,2790
合租·肖家河新村西区3居室-北卧,//www.ziroom.com/x/718567255.html,10.8㎡ | 3/11层,小区距农大南路站步行约649米,3030
合租·新壁街4居室-南卧,//www.ziroom.com/x/619789453.html,11.75㎡ | 5/6层,小区距宣武门站步行约455米,4060
合租·阳光花园3居室-南卧,//www.ziroom.com/x/737907018.html,15㎡ | 11/19层,小区距角门东站步行约264米,2990
合租·西马金润二区3居室-南卧,//www.ziroom.com/x/656609660.html,10.88㎡ | 6/6层,小区距角门东站步行约1221米,2690
合租·开阳里七区3居室-南卧,//www.ziroom.com/x/753817443.html,10.1㎡ | 1/6层,小区距北京南站站步行约639米,2760
合租·肖家河新村东区3居室-北卧,//www.ziroom.com/x/759051757.html,10.4㎡ | 8/11层,小区距农大南路站步行约205米,3160
合租·梅园4居室-南卧,//www.ziroom.com/x/618664837.html,12.8㎡ | 5/6层,小区距马连洼站步行约627米,2960
合租·双高花园3居室-南卧,//www.ziroom.com/x/753693865.html,16.6㎡ | 6/6层,小区距高米店北站步行约693米,3290
合租·东滨河路2号院2居室-南卧,//www.ziroom.com/x/553576352.html,13.2㎡ | 5/6层,小区距北京南站站步行约875米,3590
合租·高家寨2居室-南卧,//www.ziroom.com/x/807012180.html,13.61㎡ | 6/6层,小区距虎坊桥站步行约348米,3860
整租·高家寨2室1厅-南北,//www.ziroom.com/x/734915829.html,59.28㎡ | 6/6层,小区距虎坊桥站步行约348米,6690
整租·肖家河新村西区2室1厅-南,//www.ziroom.com/x/772204472.html,56.88㎡ | 3/9层,小区距农大南路站步行约649米,7390
合租·旭日嘉园3居室-东卧,//www.ziroom.com/x/611018844.html,10.8㎡ | 2/24层,小区距角门西站步行约188米,3090
合租·嘉园二里2居室-东卧,//www.ziroom.com/x/807183463.html,11.69㎡ | 6/6层,小区距角门西站步行约415米,3290
合租·肖家河新村东区3居室-西卧,//www.ziroom.com/x/719033922.html,10㎡ | 2/5层,小区距农大南路站步行约205米,3190
合租·红联村3号院3居室-南卧,//www.ziroom.com/x/614481425.html,10.2㎡ | 2/6层,小区距积水潭站步行约1220米,3690
合租·翠海明苑4居室-南卧,//www.ziroom.com/x/755807204.html,12.8㎡ | 4/6层,小区距新宫站步行约1098米,3290
整租·肖家河新村西区1室1厅-南,//www.ziroom.com/x/807341341.html,65㎡ | 11/11层,小区距农大南路站步行约649米,7030
合租·清澄名苑北区4居室-南卧,//www.ziroom.com/x/771212356.html,18㎡ | 7/12层,小区距清源路站步行约721米,3090
合租·展览路3居室-南卧,//www.ziroom.com/x/717486481.html,12.5㎡ | 5/5层,小区距车公庄西站步行约492米,3790
合租·合顺家园3居室-南卧,//www.ziroom.com/x/720251078.html,13.37㎡ | 2/8层,小区距新宫站步行约568米,2590
合租·郁花园一里3居室-南卧,//www.ziroom.com/x/807354655.html,22.5㎡ | 6/7层,小区距高米店北站步行约414米,3090
合租·时代龙和3居室-南卧,//www.ziroom.com/x/749288028.html,14.42㎡ | 9/15层,小区距黄村西大街站步行约1368米,2890
合租·角门东里3居室-南卧,//www.ziroom.com/x/718280135.html,11㎡ | 6/6层,小区距角门东站步行约401米,2660
整租·嘉园二里2室1厅-南北,//www.ziroom.com/x/773290484.html,62㎡ | 4/6层,小区距角门西站步行约415米,6190
合租·马家堡甲116号院3居室-南卧,//www.ziroom.com/x/758969792.html,11㎡ | 18/18层,小区距马家堡站步行约1145米,2760
合租·富国里小区3居室-南卧,//www.ziroom.com/x/807106617.html,12.2㎡ | 2/5层,小区距平安里站步行约732米,3830
合租·青岛嘉园5居室-南卧,//www.ziroom.com/x/755269436.html,15.6㎡ | 3/5层,小区距高米店北站步行约291米,2890
合租·四道口5号院6居室-南卧,//www.ziroom.com/x/807279321.html,11㎡ | 3/7层,小区距大钟寺站步行约960米,3960
合租·洋桥北里3居室-南卧,//www.ziroom.com/x/736532043.html,12.5㎡ | 20/20层,小区距北京南站站步行约1032米,3060
合租·瑞海家园三区3居室-南卧,//www.ziroom.com/x/720456912.html,15.49㎡ | 6/6层,小区距西红门站步行约884米,2990
合租·晨欣园3居室-南卧,//www.ziroom.com/x/782765056.html,14.1㎡ | 3/6层,小区距角门西站步行约380米,3590
合租·郁花园一里3居室-南卧,//www.ziroom.com/x/715159063.html,16.6㎡ | 3/7层,小区距高米店北站步行约414米,3090
合租·西绒线4居室-南卧,//www.ziroom.com/x/626337749.html,10.5㎡ | 6/6层,小区距西单站步行约324米,4060
合租·洋桥北里3居室-南卧,//www.ziroom.com/x/762740958.html,12.5㎡ | 6/20层,小区距北京南站站步行约1032米,3260
精选·未来661室1厅-南,//www.ziroom.com/x/756891373.html,55㎡ | 2/22层,小区距马家堡站步行约55米,5960
合租·天秀花园澄秀园4居室-南卧,//www.ziroom.com/x/793435735.html,12.3㎡ | 6/6层,小区距农大南路站步行约1166米,3830
合租·彩虹新城3居室-南卧,//www.ziroom.com/x/765608763.html,15.8㎡ | 12/14层,小区距枣园站步行约583米,2890
合租·牛街西里3居室-南卧,//www.ziroom.com/x/730491950.html,9.3㎡ | 7/19层,小区距广安门内站步行约675米,2990
整租·双槐里2室1厅-南,//www.ziroom.com/x/731397736.html,57.68㎡ | 7层,小区距陶然亭站步行约613米,6490
合租·新街口西里一区5居室-南卧,//www.ziroom.com/x/774209268.html,9.1㎡ | 6/7层,小区距新街口站步行约490米,3560
合租·风景club4居室-南卧,//www.ziroom.com/x/766586232.html,13.4㎡ | 7/12层,小区距草桥站步行约621米,3890
合租·枫竹苑二区4居室-南卧,//www.ziroom.com/x/807296226.html,15.1㎡ | 7/16层,小区距公益西桥站步行约161米,4230
合租·保利首开熙悦春天4居室-南卧,//www.ziroom.com/x/765263346.html,10.4㎡ | 10/20层,小区距天宫院站步行约462米,2630
合租·角门11号院3居室-南卧,//www.ziroom.com/x/795809519.html,11.1㎡ | 1/18层,小区距马家堡站步行约818米,2790
整租·新街口西里三区2室1厅-南,//www.ziroom.com/x/720790980.html,56.7㎡ | 2/6层,小区距新街口站步行约303米,7790
合租·文慧园3居室-南卧,//www.ziroom.com/x/636550020.html,10.3㎡ | 3/6层,小区距积水潭站步行约1006米,3260
合租·益明园2居室-北卧,//www.ziroom.com/x/757280925.html,11㎡ | 7/10层,小区距公益西桥站步行约350米,2990
合租·新街口西里一区4居室-南卧,//www.ziroom.com/x/728441079.html,12.3㎡ | 6/6层,小区距新街口站步行约490米,4230
合租·电车厂宿舍3居室-南卧,//www.ziroom.com/x/734739095.html,10.9㎡ | 3/6层,小区距积水潭站步行约661米,3490
合租·西罗园四区2居室-南卧,//www.ziroom.com/x/631988745.html,14.5㎡ | 6/6层,小区距永定门外站步行约934米,3230
合租·瑞海家园五区3居室-南卧,//www.ziroom.com/x/796122732.html,15㎡ | 2/6层,小区距西红门站步行约1329米,3330
合租·翠林一里2居室-南卧,//www.ziroom.com/x/793796672.html,14.3㎡ | 5/6层,小区距马家堡站步行约1026米,3290
合租·角门东里2居室-东卧,//www.ziroom.com/x/794987735.html,13.1㎡ | 13/19层,小区距角门东站步行约401米,3390
合租·新里西斯莱公馆3居室-南卧,//www.ziroom.com/x/713241179.html,16.2㎡ | 7/14层,小区距高米店南站步行约685米,3090
合租·瑞海家园二区3居室-南卧,//www.ziroom.com/x/710793093.html,16.9㎡ | 5/6层,小区距西红门站步行约565米,3030
合租·冬季星空3居室-南卧,//www.ziroom.com/x/726364697.html,10.3㎡ | 3/16层,小区距角门西站步行约655米,2660
合租·牛街西里3居室-南卧,//www.ziroom.com/x/741923012.html,9.2㎡ | 8/19层,小区距广安门内站步行约675米,2990
合租·益星园3居室-北卧,//www.ziroom.com/x/807289037.html,10.2㎡ | 3/11层,小区距公益西桥站步行约136米,3530
合租·郁花园一里4居室-南卧,//www.ziroom.com/x/711764548.html,16㎡ | 3/6层,小区距高米店北站步行约414米,3130
整租·姚家井二巷2室1厅-南,//www.ziroom.com/x/807318696.html,51㎡ | 6/6层,小区距陶然亭站步行约486米,7030
合租·新街口西里三区3居室-北卧,//www.ziroom.com/x/788816692.html,9.3㎡ | 6/6层,小区距新街口站步行约303米,3590
合租·枣园东里3居室-南卧,//www.ziroom.com/x/779131436.html,10.9㎡ | 6/6层,小区距枣园站步行约232米,2390
合租·草桥欣园四区3居室-南卧,//www.ziroom.com/x/807317716.html,10.2㎡ | 13/15层,小区距草桥站步行约598米,2590
合租·益城园2居室-南卧,//www.ziroom.com/x/716727650.html,13.6㎡ | 10/11层,小区距公益西桥站步行约482米,4090
整租·草桥欣园三区2室1厅-南,//www.ziroom.com/x/750810637.html,64.52㎡ | 5/6层,小区距草桥站步行约771米,6330
合租·肖家河新村东区3居室-北卧,//www.ziroom.com/x/720003049.html,10㎡ | 9/11层,小区距农大南路站步行约205米,3130
合租·角门东里3居室-南卧,//www.ziroom.com/x/793623333.html,17.8㎡ | 4/6层,小区距角门东站步行约401米,2990
合租·新外大街甲25号院3居室-南卧,//www.ziroom.com/x/807211141.html,11㎡ | 4/4层,小区距积水潭站步行约704米,3660
合租·角门13号院3居室-南卧,//www.ziroom.com/x/711383144.html,13.6㎡ | 4/6层,小区距角门西站步行约1001米,2830
合租·玉桃园二区3居室-南卧,//www.ziroom.com/x/786551160.html,11.4㎡ | 2/5层,小区距西直门站步行约528米,3690
合租·祥和家苑3居室-南卧,//www.ziroom.com/x/734370010.html,11.4㎡ | 8/24层,小区距广安门内站步行约1070米,3190
